{
  "project_info": {
    "project_number": "49572488569",
    "project_id": "tourinfinal",
    "storage_bucket": "tourinfinal.appspot.com"
  },
  "client": [
    {
      "client_info": {
        "mobilesdk_app_id": "1:49572488569:android:8bab8a0db8efa2ca553ba8",
        "android_client_info": {
          "package_name": "com.example.newproject"
        }
      },
      "oauth_client": [],
      "api_key": [
        {
          "current_key": "AIzaSyC33M16tsyHQwBDN2IC1Mp_6S-IKkcgumI"
        }
      ],
      "services": {
        "appinvite_service": {
          "other_platform_oauth_client": []
        }
      }
    }
  ],
  "configuration_version": "1"
}